[
  {
    "id": "9f89160d-779c-44a5-aeb6-c58a49e5af0d",
    "data": [
      {
        "text": "see you later",
        "userDefined": false
      }
    ],
    "isTemplate": false,
    "count": 0
  },
  {
    "id": "3d38588e-d769-442c-8f80-e6bda18ecf98",
    "data": [
      {
        "text": "later Mr. Teleporter",
        "userDefined": false
      }
    ],
    "isTemplate": false,
    "count": 0
  },
  {
    "id": "7776f077-fbbd-4a12-9840-2dae67ec7a2a",
    "data": [
      {
        "text": "exit",
        "userDefined": false
      }
    ],
    "isTemplate": false,
    "count": 0
  },
  {
    "id": "7182418e-e0e2-4b1c-b2ca-c618bd43a2da",
    "data": [
      {
        "text": "teleport away",
        "userDefined": false
      }
    ],
    "isTemplate": false,
    "count": 0
  },
  {
    "id": "6888b132-f4ed-4962-81ed-987abe76a2ed",
    "data": [
      {
        "text": "goodbye Mr. Teleporter",
        "userDefined": false
      }
    ],
    "isTemplate": false,
    "count": 0
  },
  {
    "id": "17de1977-0651-45e5-80e0-70451a850a90",
    "data": [
      {
        "text": "goodbye",
        "userDefined": false
      }
    ],
    "isTemplate": false,
    "count": 0
  },
  {
    "id": "133ef10b-1a5a-460b-9b84-5c359af1885f",
    "data": [
      {
        "text": "bye",
        "userDefined": false
      }
    ],
    "isTemplate": false,
    "count": 0
  },
  {
    "id": "7c60eb87-fc2c-41d5-91ce-cf02ce3834e0",
    "data": [
      {
        "text": "bye Mr. Teleporter",
        "userDefined": false
      }
    ],
    "isTemplate": false,
    "count": 0
  }
]