[
  {
    "id": "a4465168-c4a8-44c7-a946-63a68a1bff1f",
    "data": [
      {
        "text": "transport me to the city of ",
        "userDefined": false
      },
      {
        "text": "Toronto",
        "alias": "geo-city",
        "meta": "@sys.geo-city",
        "userDefined": false
      }
    ],
    "isTemplate": false,
    "count": 0
  },
  {
    "id": "e431e148-b663-40e8-b317-4e55908950be",
    "data": [
      {
        "text": "take me to the city of ",
        "userDefined": false
      },
      {
        "text": "Toronto",
        "alias": "geo-city",
        "meta": "@sys.geo-city",
        "userDefined": false
      }
    ],
    "isTemplate": false,
    "count": 0
  },
  {
    "id": "f0046b6d-eb2b-4f7d-9911-4f224d91aed7",
    "data": [
      {
        "text": "teleport me to the city of ",
        "userDefined": false
      },
      {
        "text": "Toronto",
        "alias": "geo-city",
        "meta": "@sys.geo-city",
        "userDefined": false
      }
    ],
    "isTemplate": false,
    "count": 0
  },
  {
    "id": "19e35c51-258d-4a0a-b4fc-4173681cda23",
    "data": [
      {
        "text": "bring me to the city of ",
        "userDefined": false
      },
      {
        "text": "Toronto",
        "alias": "geo-city",
        "meta": "@sys.geo-city",
        "userDefined": false
      }
    ],
    "isTemplate": false,
    "count": 0
  }
]