[
  {
    "id": "0ee9534a-c2e6-404d-9e70-937aa171bb98",
    "data": [
      {
        "text": "bring me to the country of ",
        "userDefined": false
      },
      {
        "text": "Canada",
        "alias": "geo-country",
        "meta": "@sys.geo-country",
        "userDefined": false
      }
    ],
    "isTemplate": false,
    "count": 0
  },
  {
    "id": "eebd382d-d14a-483a-bfd3-18cbe50a451c",
    "data": [
      {
        "text": "transport me to the country of ",
        "userDefined": false
      },
      {
        "text": "Canada",
        "alias": "geo-country",
        "meta": "@sys.geo-country",
        "userDefined": false
      }
    ],
    "isTemplate": false,
    "count": 0
  },
  {
    "id": "565e0a61-e222-4973-a258-4fb534ea124e",
    "data": [
      {
        "text": "teleport me to the country of ",
        "userDefined": false
      },
      {
        "text": "Canada",
        "alias": "geo-country",
        "meta": "@sys.geo-country",
        "userDefined": false
      }
    ],
    "isTemplate": false,
    "count": 0
  },
  {
    "id": "123d1707-c2a9-40db-b7dd-780d52d103ca",
    "data": [
      {
        "text": "take me to the country of ",
        "userDefined": false
      },
      {
        "text": "Canada",
        "alias": "geo-country",
        "meta": "@sys.geo-country",
        "userDefined": false
      }
    ],
    "isTemplate": false,
    "count": 0
  },
  {
    "id": "fb61e552-c7a9-4912-a2ef-48b7dcae0adc",
    "data": [
      {
        "text": "bring me to ",
        "userDefined": false
      },
      {
        "text": "Canada",
        "alias": "geo-country",
        "meta": "@sys.geo-country",
        "userDefined": false
      }
    ],
    "isTemplate": false,
    "count": 0
  },
  {
    "id": "4ce179ab-72c7-41b1-b20d-f39cec6c7640",
    "data": [
      {
        "text": "transport me to ",
        "userDefined": false
      },
      {
        "text": "Canada",
        "alias": "geo-country",
        "meta": "@sys.geo-country",
        "userDefined": false
      }
    ],
    "isTemplate": false,
    "count": 0
  },
  {
    "id": "a1c7a31c-736f-4d28-aeec-e1863e6efa04",
    "data": [
      {
        "text": "teleport me to ",
        "userDefined": false
      },
      {
        "text": "Canada",
        "alias": "geo-country",
        "meta": "@sys.geo-country",
        "userDefined": false
      }
    ],
    "isTemplate": false,
    "count": 0
  },
  {
    "id": "b7e5c540-3e5d-47e1-81ff-59104393bb64",
    "data": [
      {
        "text": "take me to ",
        "userDefined": false
      },
      {
        "text": "Canada",
        "alias": "geo-country",
        "meta": "@sys.geo-country",
        "userDefined": false
      }
    ],
    "isTemplate": false,
    "count": 0
  }
]